Workbook

Sheet Sales_Data
A1: SUPPLY CHAIN DEMAND FORECASTING – RAW SALES DATA (FY2024)
A2: Monthly units sold across 5 product categories | Mousumi Paul | Feb 2025
A3: Product Category | B3: ID | C3: Jan-24 | D3: Feb-24 | E3: Mar-24 | F3: Apr-24 | G3: May-24 | H3: Jun-24 | I3: Jul-24 | J3: Aug-24 | K3: Sep-24 | L3: Oct-24 | M3: Nov-24 | N3: Dec-24 | O3: Annual Total
A4: Electronics | B4: P01 | C4: 420 | D4: 390 | E4: 410 | F4: 450 | G4: 470 | H4: 500 | I4: 520 | J4: 540 | K4: 510 | L4: 580 | M4: 720 | N4: 850 | O4: =SUM(C4:N4) -> 6360
A5: Apparel | B5: P02 | C5: 310 | D5: 290 | E5: 320 | F5: 380 | G5: 420 | H5: 460 | I5: 480 | J5: 500 | K5: 440 | L5: 390 | M5: 550 | N5: 680 | O5: =SUM(C5:N5) -> 5220
A6: Home & Kitchen | B6: P03 | C6: 280 | D6: 260 | E6: 275 | F6: 310 | G6: 340 | H6: 360 | I6: 370 | J6: 380 | K6: 350 | L6: 400 | M6: 490 | N6: 580 | O6: =SUM(C6:N6) -> 4395
A7: Sports & Outdoors | B7: P04 | C7: 190 | D7: 180 | E7: 210 | F7: 280 | G7: 350 | H7: 420 | I7: 460 | J7: 440 | K7: 380 | L7: 310 | M7: 250 | N7: 220 | O7: =SUM(C7:N7) -> 3690
A8: Beauty & Health | B8: P05 | C8: 350 | D8: 330 | E8: 355 | F8: 370 | G8: 390 | H8: 410 | I8: 420 | J8: 430 | K8: 415 | L8: 440 | M8: 510 | N8: 560 | O8: =SUM(C8:N8) -> 4980
A9: MONTHLY TOTAL | C9: =SUM(C4:C8) -> 1550 | D9: =SUM(D4:D8) -> 1450 | E9: =SUM(E4:E8) -> 1570 | F9: =SUM(F4:F8) -> 1790 | G9: =SUM(G4:G8) -> 1970 | H9: =SUM(H4:H8) -> 2150 | I9: =SUM(I4:I8) -> 2250 | J9: =SUM(J4:J8) -> 2290 | ... O9: =SUM(O4:O8) -> 24645
A10: TOTAL MoM GROWTH % | C10: — | D10: =IF(C9<>0,(D9-C9)/C9,0) -> -0.064516129 | E10: =IF(D9<>0,(E9-D9)/D9,0) -> 0.082758621 | F10: =IF(E9<>0,(F9-E9)/E9,0) -> 0.14012739 | G10: =IF(F9<>0,(G9-F9)/F9,0) -> 0.10055866 | H10: =IF(G9<>0,(H9-G9)/G9,0) -> 0.091370558 | I10: =IF(H9<>0,(I9-H9)/H9,0) -> 0.046511628 | J10: =IF(I9<>0,(J9-I9)/I9,0) -> 0.017777778 | K10: =IF(J9<>0,(K9-J9)/J9,0) -> -0.085152838 | ... N10: =IF(M9<>0,(N9-M9)/M9,0) -> 0.1468254 | O10: —

Sheet Demand_Forecast
A1: DEMAND FORECASTING MODEL – MOVING AVERAGES & EXPONENTIAL SMOOTHING
A2: 3-month MA | 6-month MA | Exponential Smoothing (α=0.3) | Forecast Months: Jan–Mar 2025
A4: MODEL ASSUMPTIONS (Blue = editable inputs)
A5: Alpha (α) – Exp Smoothing: | B5: 0.3 | E5: MA Short Window: | F5: 3 | I5: MA Long Window: | J5: 6 | M5: Forecast Horizon: | N5: 3
A6: 0–1; higher = more weight on recent | E6: Months for short MA | I6: Months for long MA | M6: Months ahead to forecast
A8: Electronics (P01)
A9: Metric | B9: Jan-24 | C9: Feb-24 | D9: Mar-24 | E9: Apr-24 | F9: May-24 | G9: Jun-24 | H9: Jul-24 | I9: Aug-24 | J9: Sep-24 | K9: Oct-24 | L9: Nov-24 | M9: Dec-24 | N9: Jan-25 | O9: Feb-25 | P9: Mar-25 | Q9: MAPE | R9: MAE
A10: Actual Sales | B10: 420 | C10: 390 | D10: 410 | E10: 450 | F10: 470 | G10: 500 | H10: 520 | I10: 540 | J10: 510 | K10: 580 | L10: 720 | M10: 850 | N10: — | O10: — | P10: — | Q10: —
A11: 3-Month MA | B11: — | C11: — | D11: =AVERAGE(C10:A10) -> 405 | E11: =AVERAGE(D10:B10) -> 406.66667 | F11: =AVERAGE(E10:C10) -> 416.66667 | G11: =AVERAGE(F10:D10) -> 443.33333 | H11: =AVERAGE(G10:E10) -> 473.33333 | I11: =AVERAGE(H10:F10) -> 496.66667 | J11: =AVERAGE(I10:G10) -> 520 | K11: =AVERAGE(J10:H10) -> 523.33333 | ... M11: =AVERAGE(L10:J10) -> 603.33333 | N11: =ROUND(AVERAGE(K10,L10,M10),1) -> 716.7 | O11: =ROUND(AVERAGE(L10,M10,N11),1) -> 762.2 | P11: =ROUND(AVERAGE(M10,N11,O11),1) -> 776.3 | Q11: =IFERROR(AVERAGE(ABS((D10:M10-D11:M11)/D10:M10)),0) -> 0
A12: 6-Month MA | B12: — | C12: — | D12: — | E12: — | F12: — | G12: — | H12: =AVERAGE(C10:G10) -> 444 | I12: =AVERAGE(D10:H10) -> 470 | J12: =AVERAGE(E10:I10) -> 496 | K12: =AVERAGE(F10:J10) -> 508 | L12: =AVERAGE(G10:K10) -> 530 | M12: =AVERAGE(H10:L10) -> 574 | N12: =AVERAGE(I12:M12) -> 515.6 | O12: =AVERAGE(J12:N12) -> 524.72 | P12: =AVERAGE(K12:O12) -> 530.464 | Q12: =IFERROR(AVERAGE(ABS((H10:M10-H12:M12)/H10:M10)),0) -> 0
A13: Exp Smooth (α=0.3) | B13: =B10 -> 420 | C13: =$B$5*C10+(1-$B$5)*B13 -> 411 | D13: =$B$5*D10+(1-$B$5)*C13 -> 410.7 | E13: =$B$5*E10+(1-$B$5)*D13 -> 422.49 | F13: =$B$5*F10+(1-$B$5)*E13 -> 436.743 | G13: =$B$5*G10+(1-$B$5)*F13 -> 455.7201 | H13: =$B$5*H10+(1-$B$5)*G13 -> 475.00407 | I13: =$B$5*I10+(1-$B$5)*H13 -> 494.50285 | J13: =$B$5*J10+(1-$B$5)*I13 -> 499.15199 | ... M13: =$B$5*M10+(1-$B$5)*L13 -> 662.66913 | N13: =M13 -> 662.66913 | O13: =N13 -> 662.66913 | P13: =O13 -> 662.66913 | Q13: =IFERROR(AVERAGE(ABS((C10:M10-C13:M13)/C10:M10)),0) -> 0
A15: Apparel (P02)
A16: Metric | B16: Jan-24 | C16: Feb-24 | D16: Mar-24 | E16: Apr-24 | F16: May-24 | G16: Jun-24 | H16: Jul-24 | I16: Aug-24 | J16: Sep-24 | K16: Oct-24 | L16: Nov-24 | M16: Dec-24 | N16: Jan-25 | O16: Feb-25 | P16: Mar-25 | Q16: MAPE | R16: MAE
A17: Actual Sales | B17: 310 | C17: 290 | D17: 320 | E17: 380 | F17: 420 | G17: 460 | H17: 480 | I17: 500 | J17: 440 | K17: 390 | L17: 550 | M17: 680 | N17: — | O17: — | P17: — | Q17: —
A18: 3-Month MA | B18: — | C18: — | D18: =AVERAGE(C17:A17) -> 300 | E18: =AVERAGE(D17:B17) -> 306.66667 | F18: =AVERAGE(E17:C17) -> 330 | G18: =AVERAGE(F17:D17) -> 373.33333 | H18: =AVERAGE(G17:E17) -> 420 | I18: =AVERAGE(H17:F17) -> 453.33333 | J18: =AVERAGE(I17:G17) -> 480 | K18: =AVERAGE(J17:H17) -> 473.33333 | ... M18: =AVERAGE(L17:J17) -> 460 | N18: =ROUND(AVERAGE(K17,L17,M17),1) -> 540 | O18: =ROUND(AVERAGE(L17,M17,N18),1) -> 590 | P18: =ROUND(AVERAGE(M17,N18,O18),1) -> 603.3 | Q18: =IFERROR(AVERAGE(ABS((D17:M17-D18:M18)/D17:M17)),0) -> 0
A19: 6-Month MA | B19: — | C19: — | D19: — | E19: — | F19: — | G19: — | H19: =AVERAGE(C17:G17) -> 374 | I19: =AVERAGE(D17:H17) -> 412 | J19: =AVERAGE(E17:I17) -> 448 | K19: =AVERAGE(F17:J17) -> 460 | L19: =AVERAGE(G17:K17) -> 454 | M19: =AVERAGE(H17:L17) -> 472 | N19: =AVERAGE(I19:M19) -> 449.2 | O19: =AVERAGE(J19:N19) -> 456.64 | P19: =AVERAGE(K19:O19) -> 458.368 | Q19: =IFERROR(AVERAGE(ABS((H17:M17-H19:M19)/H17:M17)),0) -> 0
A20: Exp Smooth (α=0.3) | B20: =B17 -> 310 | C20: =$B$5*C17+(1-$B$5)*B20 -> 304 | D20: =$B$5*D17+(1-$B$5)*C20 -> 308.8 | E20: =$B$5*E17+(1-$B$5)*D20 -> 330.16 | F20: =$B$5*F17+(1-$B$5)*E20 -> 357.112 | G20: =$B$5*G17+(1-$B$5)*F20 -> 387.9784 | H20: =$B$5*H17+(1-$B$5)*G20 -> 415.58488 | I20: =$B$5*I17+(1-$B$5)*H20 -> 440.90942 | J20: =$B$5*J17+(1-$B$5)*I20 -> 440.63659 | ... M20: =$B$5*M17+(1-$B$5)*L20 -> 527.96835 | N20: =M20 -> 527.96835 | O20: =N20 -> 527.96835 | P20: =O20 -> 527.96835 | Q20: =IFERROR(AVERAGE(ABS((C17:M17-C20:M20)/C17:M17)),0) -> 0
A22: Home & Kitchen (P03)
A23: Metric | B23: Jan-24 | C23: Feb-24 | D23: Mar-24 | E23: Apr-24 | F23: May-24 | G23: Jun-24 | H23: Jul-24 | I23: Aug-24 | J23: Sep-24 | K23: Oct-24 | L23: Nov-24 | M23: Dec-24 | N23: Jan-25 | O23: Feb-25 | P23: Mar-25 | Q23: MAPE | R23: MAE
A24: Actual Sales | B24: 280 | C24: 260 | D24: 275 | E24: 310 | F24: 340 | G24: 360 | H24: 370 | I24: 380 | J24: 350 | K24: 400 | L24: 490 | M24: 580 | N24: — | O24: — | P24: — | Q24: —
A25: 3-Month MA | B25: — | C25: — | D25: =AVERAGE(C24:A24) -> 270 | E25: =AVERAGE(D24:B24) -> 271.66667 | F25: =AVERAGE(E24:C24) -> 281.66667 | G25: =AVERAGE(F24:D24) -> 308.33333 | H25: =AVERAGE(G24:E24) -> 336.66667 | I25: =AVERAGE(H24:F24) -> 356.66667 | J25: =AVERAGE(I24:G24) -> 370 | K25: =AVERAGE(J24:H24) -> 366.66667 | ... M25: =AVERAGE(L24:J24) -> 413.33333 | N25: =ROUND(AVERAGE(K24,L24,M24),1) -> 490 | O25: =ROUND(AVERAGE(L24,M24,N25),1) -> 520 | P25: =ROUND(AVERAGE(M24,N25,O25),1) -> 530 | Q25: =IFERROR(AVERAGE(ABS((D24:M24-D25:M25)/D24:M24)),0) -> 0
A26: 6-Month MA | B26: — | C26: — | D26: — | E26: — | F26: — | G26: — | H26: =AVERAGE(C24:G24) -> 309 | I26: =AVERAGE(D24:H24) -> 331 | J26: =AVERAGE(E24:I24) -> 352 | K26: =AVERAGE(F24:J24) -> 360 | L26: =AVERAGE(G24:K24) -> 372 | M26: =AVERAGE(H24:L24) -> 398 | N26: =AVERAGE(I26:M26) -> 362.6 | O26: =AVERAGE(J26:N26) -> 368.92 | P26: =AVERAGE(K26:O26) -> 372.304 | Q26: =IFERROR(AVERAGE(ABS((H24:M24-H26:M26)/H24:M24)),0) -> 0
A27: Exp Smooth (α=0.3) | B27: =B24 -> 280 | C27: =$B$5*C24+(1-$B$5)*B27 -> 274 | D27: =$B$5*D24+(1-$B$5)*C27 -> 274.3 | E27: =$B$5*E24+(1-$B$5)*D27 -> 285.01 | F27: =$B$5*F24+(1-$B$5)*E27 -> 301.507 | G27: =$B$5*G24+(1-$B$5)*F27 -> 319.0549 | H27: =$B$5*H24+(1-$B$5)*G27 -> 334.33843 | I27: =$B$5*I24+(1-$B$5)*H27 -> 348.0369 | J27: =$B$5*J24+(1-$B$5)*I27 -> 348.62583 | ... M27: =$B$5*M24+(1-$B$5)*L27 -> 455.27866 | N27: =M27 -> 455.27866 | O27: =N27 -> 455.27866 | P27: =O27 -> 455.27866 | Q27: =IFERROR(AVERAGE(ABS((C24:M24-C27:M27)/C24:M24)),0) -> 0
A29: Sports & Outdoors (P04)
A30: Metric | B30: Jan-24 | C30: Feb-24 | D30: Mar-24 | E30: Apr-24 | F30: May-24 | G30: Jun-24 | H30: Jul-24 | I30: Aug-24 | J30: Sep-24 | K30: Oct-24 | L30: Nov-24 | M30: Dec-24 | N30: Jan-25 | O30: Feb-25 | P30: Mar-25 | Q30: MAPE | R30: MAE
A31: Actual Sales | B31: 190 | C31: 180 | D31: 210 | E31: 280 | F31: 350 | G31: 420 | H31: 460 | I31: 440 | J31: 380 | K31: 310 | L31: 250 | M31: 220 | N31: — | O31: — | P31: — | Q31: —
A32: 3-Month MA | B32: — | C32: — | D32: =AVERAGE(C31:A31) -> 185 | E32: =AVERAGE(D31:B31) -> 193.33333 | F32: =AVERAGE(E31:C31) -> 223.33333 | G32: =AVERAGE(F31:D31) -> 280 | H32: =AVERAGE(G31:E31) -> 350 | I32: =AVERAGE(H31:F31) -> 410 | J32: =AVERAGE(I31:G31) -> 440 | K32: =AVERAGE(J31:H31) -> 426.66667 | ... M32: =AVERAGE(L31:J31) -> 313.33333 | N32: =ROUND(AVERAGE(K31,L31,M31),1) -> 260 | O32: =ROUND(AVERAGE(L31,M31,N32),1) -> 243.3 | P32: =ROUND(AVERAGE(M31,N32,O32),1) -> 241.1 | Q32: =IFERROR(AVERAGE(ABS((D31:M31-D32:M32)/D31:M31)),0) -> 0
A33: 6-Month MA | B33: — | C33: — | D33: — | E33: — | F33: — | G33: — | H33: =AVERAGE(C31:G31) -> 288 | I33: =AVERAGE(D31:H31) -> 344 | J33: =AVERAGE(E31:I31) -> 390 | K33: =AVERAGE(F31:J31) -> 410 | L33: =AVERAGE(G31:K31) -> 402 | M33: =AVERAGE(H31:L31) -> 368 | N33: =AVERAGE(I33:M33) -> 382.8 | O33: =AVERAGE(J33:N33) -> 390.56 | P33: =AVERAGE(K33:O33) -> 390.672 | Q33: =IFERROR(AVERAGE(ABS((H31:M31-H33:M33)/H31:M31)),0) -> 0
A34: Exp Smooth (α=0.3) | B34: =B31 -> 190 | C34: =$B$5*C31+(1-$B$5)*B34 -> 187 | D34: =$B$5*D31+(1-$B$5)*C34 -> 193.9 | E34: =$B$5*E31+(1-$B$5)*D34 -> 219.73 | F34: =$B$5*F31+(1-$B$5)*E34 -> 258.811 | G34: =$B$5*G31+(1-$B$5)*F34 -> 307.1677 | H34: =$B$5*H31+(1-$B$5)*G34 -> 353.01739 | I34: =$B$5*I31+(1-$B$5)*H34 -> 379.11217 | J34: =$B$5*J31+(1-$B$5)*I34 -> 379.37852 | ... M34: =$B$5*M31+(1-$B$5)*L34 -> 294.19683 | N34: =M34 -> 294.19683 | O34: =N34 -> 294.19683 | P34: =O34 -> 294.19683 | Q34: =IFERROR(AVERAGE(ABS((C31:M31-C34:M34)/C31:M31)),0) -> 0
A36: Beauty & Health (P05)
A37: Metric | B37: Jan-24 | C37: Feb-24 | D37: Mar-24 | E37: Apr-24 | F37: May-24 | G37: Jun-24 | H37: Jul-24 | I37: Aug-24 | J37: Sep-24 | K37: Oct-24 | L37: Nov-24 | M37: Dec-24 | N37: Jan-25 | O37: Feb-25 | P37: Mar-25 | Q37: MAPE | R37: MAE
A38: Actual Sales | B38: 350 | C38: 330 | D38: 355 | E38: 370 | F38: 390 | G38: 410 | H38: 420 | I38: 430 | J38: 415 | K38: 440 | L38: 510 | M38: 560 | N38: — | O38: — | P38: — | Q38: —
A39: 3-Month MA | B39: — | C39: — | D39: =AVERAGE(C38:A38) -> 340 | E39: =AVERAGE(D38:B38) -> 345 | F39: =AVERAGE(E38:C38) -> 351.66667 | G39: =AVERAGE(F38:D38) -> 371.66667 | H39: =AVERAGE(G38:E38) -> 390 | I39: =AVERAGE(H38:F38) -> 406.66667 | J39: =AVERAGE(I38:G38) -> 420 | K39: =AVERAGE(J38:H38) -> 421.66667 | ... M39: =AVERAGE(L38:J38) -> 455 | N39: =ROUND(AVERAGE(K38,L38,M38),1) -> 503.3 | O39: =ROUND(AVERAGE(L38,M38,N39),1) -> 524.4 | P39: =ROUND(AVERAGE(M38,N39,O39),1) -> 529.2 | Q39: =IFERROR(AVERAGE(ABS((D38:M38-D39:M39)/D38:M38)),0) -> 0
A40: 6-Month MA | B40: — | C40: — | D40: — | E40: — | F40: — | G40: — | H40: =AVERAGE(C38:G38) -> 371 | I40: =AVERAGE(D38:H38) -> 389 | J40: =AVERAGE(E38:I38) -> 404 | K40: =AVERAGE(F38:J38) -> 413 | L40: =AVERAGE(G38:K38) -> 423 | M40: =AVERAGE(H38:L38) -> 443 | N40: =AVERAGE(I40:M40) -> 414.4 | O40: =AVERAGE(J40:N40) -> 419.48 | P40: =AVERAGE(K40:O40) -> 422.576 | Q40: =IFERROR(AVERAGE(ABS((H38:M38-H40:M40)/H38:M38)),0) -> 0
A41: Exp Smooth (α=0.3) | B41: =B38 -> 350 | C41: =$B$5*C38+(1-$B$5)*B41 -> 344 | D41: =$B$5*D38+(1-$B$5)*C41 -> 347.3 | E41: =$B$5*E38+(1-$B$5)*D41 -> 354.11 | F41: =$B$5*F38+(1-$B$5)*E41 -> 364.877 | G41: =$B$5*G38+(1-$B$5)*F41 -> 378.4139 | H41: =$B$5*H38+(1-$B$5)*G41 -> 390.88973 | I41: =$B$5*I38+(1-$B$5)*H41 -> 402.62281 | J41: =$B$5*J38+(1-$B$5)*I41 -> 406.33597 | ... M41: =$B$5*M38+(1-$B$5)*L41 -> 479.15324 | N41: =M41 -> 479.15324 | O41: =N41 -> 479.15324 | P41: =O41 -> 479.15324 | Q41: =IFERROR(AVERAGE(ABS((C38:M38-C41:M41)/C38:M38)),0) -> 0

Sheet Inventory_Optimization
A1: INVENTORY OPTIMIZATION – EOQ, REORDER POINT & SAFETY STOCK
A2: Economic Order Quantity | Reorder Point | Safety Stock | Holding Cost Analysis | Mousumi Paul
A4: INPUT ASSUMPTIONS (Blue = editable inputs)
A5: Working Days / Year | B5: 250 | D5: Service Level Z-Score | E5: 1.65 | G5: Lead Time (days) | H5: 14 | J5: Ordering Cost ₹/order | K5: 2500
A7: Product | B7: Ann. Demand (Units) | C7: Avg Monthly Demand | D7: Demand Std Dev | E7: Unit Cost (₹) | F7: Holding Cost (₹/unit/yr) | G7: EOQ (Units) | H7: Daily Demand | I7: Safety Stock (Units) | J7: Reorder Point (Units) | K7: Annual Hold Cost (₹) | L7: Annual Ord Cost (₹) | M7: Total Inv Cost (₹) | N7: Stock Status
A8: Electronics | B8: 6060 | C8: =B8/12 -> 505 | D8: 88 | E8: 4500 | F8: =E8*0.2 -> 900 | G8: =IFERROR(ROUND(SQRT(2*B8*K5/F8),0),0) -> 183 | H8: =B8/B5 -> 24.24 | I8: =ROUND(E5*D8*SQRT(H5/30),0) -> 99 | J8: =ROUND(H8*H5+I8,0) -> 438 | K8: =(G8/2+I8)*F8 -> 171450 | L8: =IFERROR((B8/G8)*K5,0) -> 82786.885 | M8: =K8+L8 -> 254236.89 | N8: =IF(850>=J8,"✅ Adequate","⚠️ Reorder Now") -> ✅ Adequate
A9: Apparel | B9: 4980 | C9: =B9/12 -> 415 | D9: 72 | E9: 850 | F9: =E9*0.25 -> 212.5 | G9: =IFERROR(ROUND(SQRT(2*B9*K5/F9),0),0) -> 342 | H9: =B9/B5 -> 19.92 | I9: =ROUND(E5*D9*SQRT(H5/30),0) -> 81 | J9: =ROUND(H9*H5+I9,0) -> 360 | K9: =(G9/2+I9)*F9 -> 53550 | L9: =IFERROR((B9/G9)*K5,0) -> 36403.509 | M9: =K9+L9 -> 89953.509 | N9: =IF(420>=J9,"✅ Adequate","⚠️ Reorder Now") -> ✅ Adequate
A10: Home & Kitchen | B10: 4200 | C10: =B10/12 -> 350 | D10: 55 | E10: 1200 | F10: =E10*0.22 -> 264 | G10: =IFERROR(ROUND(SQRT(2*B10*K5/F10),0),0) -> 282 | H10: =B10/B5 -> 16.8 | I10: =ROUND(E5*D10*SQRT(H5/30),0) -> 62 | J10: =ROUND(H10*H5+I10,0) -> 297 | K10: =(G10/2+I10)*F10 -> 53592 | L10: =IFERROR((B10/G10)*K5,0) -> 37234.043 | M10: =K10+L10 -> 90826.043 | N10: =IF(320>=J10,"✅ Adequate","⚠️ Reorder Now") -> ✅ Adequate
A11: Sports & Outdoors | B11: 3690 | C11: =B11/12 -> 307.5 | D11: 100 | E11: 2200 | F11: =E11*0.18 -> 396 | G11: =IFERROR(ROUND(SQRT(2*B11*K5/F11),0),0) -> 216 | H11: =B11/B5 -> 14.76 | I11: =ROUND(E5*D11*SQRT(H5/30),0) -> 113 | J11: =ROUND(H11*H5+I11,0) -> 320 | K11: =(G11/2+I11)*F11 -> 87516 | L11: =IFERROR((B11/G11)*K5,0) -> 42708.333 | M11: =K11+L11 -> 130224.33 | N11: =IF(250>=J11,"✅ Adequate","⚠️ Reorder Now") -> ⚠️ Reorder Now
A12: Beauty & Health | B12: 4980 | C12: =B12/12 -> 415 | D12: 48 | E12: 650 | F12: =E12*0.28 -> 182 | G12: =IFERROR(ROUND(SQRT(2*B12*K5/F12),0),0) -> 370 | H12: =B12/B5 -> 19.92 | I12: =ROUND(E5*D12*SQRT(H5/30),0) -> 54 | J12: =ROUND(H12*H5+I12,0) -> 333 | K12: =(G12/2+I12)*F12 -> 43498 | L12: =IFERROR((B12/G12)*K5,0) -> 33648.649 | M12: =K12+L12 -> 77146.649 | N12: =IF(510>=J12,"✅ Adequate","⚠️ Reorder Now") -> ✅ Adequate
A13: TOTAL | B13: =SUM(B8:B12) -> 23910 | C13: — | D13: — | E13: — | F13: — | G13: — | H13: — | I13: — | J13: — | K13: =SUM(K8:K12) -> 409606 | L13: =SUM(L8:L12) -> 232781.42 | M13: =SUM(M8:M12) -> 642387.42 | N13: —

Sheet Stock_Health
A1: STOCK HEALTH DASHBOARD – LIVE INVENTORY STATUS & ALERTS
A2: Current stock vs ROP | Days of Supply | Stock-Out Risk | Low-Stock Alerts | Mousumi Paul
A4: Product | B4: Current Stock (Units) | C4: Reorder Point (Units) | D4: Safety Stock (Units) | E4: EOQ (Units) | F4: Days of Supply | G4: Stock-Out Risk % | H4: Excess Stock | I4: Holding Cost Excess (₹) | J4: Alert Status | K4: Recommended Action
A5: Electronics | B5: 850 | C5: =Inventory_Optimization!J8 -> 438 | D5: =Inventory_Optimization!I8 -> 99 | E5: =Inventory_Optimization!G8 -> 183 | F5: =ROUND(B5/24.24,0) -> 35 | G5: =IFERROR(MAX(0,1-(B5/C5)),1) -> 0 | H5: =MAX(0,B5-(C5+E5)) -> 229 | I5: =H5*900 -> 206100 | J5: =IF(B5<D5,"🔴 CRITICAL – Below Safety Stock",IF(B5<C5,"🟠 REORDER NOW",IF(H5>0,"🟡 EXCESS STOCK","🟢 HEALTHY"))) -> 🟡 EXCESS STOCK | K5: =IF(B5<D5,"Place emergency order immediately",IF(B5<C5,"Place standard replenishment order",IF(H5>0,"Review demand; consider promotion","No action needed"))) -> Review demand; consider promotion
A6: Apparel | B6: 420 | C6: =Inventory_Optimization!J9 -> 360 | D6: =Inventory_Optimization!I9 -> 81 | E6: =Inventory_Optimization!G9 -> 342 | F6: =ROUND(B6/19.92,0) -> 21 | G6: =IFERROR(MAX(0,1-(B6/C6)),1) -> 0 | H6: =MAX(0,B6-(C6+E6)) -> 0 | I6: =H6*212.5 -> 0 | J6: =IF(B6<D6,"🔴 CRITICAL – Below Safety Stock",IF(B6<C6,"🟠 REORDER NOW",IF(H6>0,"🟡 EXCESS STOCK","🟢 HEALTHY"))) -> 🟢 HEALTHY | K6: =IF(B6<D6,"Place emergency order immediately",IF(B6<C6,"Place standard replenishment order",IF(H6>0,"Review demand; consider promotion","No action needed"))) -> No action needed
A7: Home & Kitchen | B7: 320 | C7: =Inventory_Optimization!J10 -> 297 | D7: =Inventory_Optimization!I10 -> 62 | E7: =Inventory_Optimization!G10 -> 282 | F7: =ROUND(B7/16.8,0) -> 19 | G7: =IFERROR(MAX(0,1-(B7/C7)),1) -> 0 | H7: =MAX(0,B7-(C7+E7)) -> 0 | I7: =H7*264 -> 0 | J7: =IF(B7<D7,"🔴 CRITICAL – Below Safety Stock",IF(B7<C7,"🟠 REORDER NOW",IF(H7>0,"🟡 EXCESS STOCK","🟢 HEALTHY"))) -> 🟢 HEALTHY | K7: =IF(B7<D7,"Place emergency order immediately",IF(B7<C7,"Place standard replenishment order",IF(H7>0,"Review demand; consider promotion","No action needed"))) -> No action needed
A8: Sports & Outdoors | B8: 250 | C8: =Inventory_Optimization!J11 -> 320 | D8: =Inventory_Optimization!I11 -> 113 | E8: =Inventory_Optimization!G11 -> 216 | F8: =ROUND(B8/14.76,0) -> 17 | G8: =IFERROR(MAX(0,1-(B8/C8)),1) -> 0.21875 | H8: =MAX(0,B8-(C8+E8)) -> 0 | I8: =H8*396 -> 0 | J8: =IF(B8<D8,"🔴 CRITICAL – Below Safety Stock",IF(B8<C8,"🟠 REORDER NOW",IF(H8>0,"🟡 EXCESS STOCK","🟢 HEALTHY"))) -> 🟠 REORDER NOW | K8: =IF(B8<D8,"Place emergency order immediately",IF(B8<C8,"Place standard replenishment order",IF(H8>0,"Review demand; consider promotion","No action needed"))) -> Place standard replenishment order
A9: Beauty & Health | B9: 510 | C9: =Inventory_Optimization!J12 -> 333 | D9: =Inventory_Optimization!I12 -> 54 | E9: =Inventory_Optimization!G12 -> 370 | F9: =ROUND(B9/19.92,0) -> 26 | G9: =IFERROR(MAX(0,1-(B9/C9)),1) -> 0 | H9: =MAX(0,B9-(C9+E9)) -> 0 | I9: =H9*182 -> 0 | J9: =IF(B9<D9,"🔴 CRITICAL – Below Safety Stock",IF(B9<C9,"🟠 REORDER NOW",IF(H9>0,"🟡 EXCESS STOCK","🟢 HEALTHY"))) -> 🟢 HEALTHY | K9: =IF(B9<D9,"Place emergency order immediately",IF(B9<C9,"Place standard replenishment order",IF(H9>0,"Review demand; consider promotion","No action needed"))) -> No action needed
A11: SUMMARY KPIs
A12: Products at Risk (≤ROP) | B12: =COUNTIF(J5:J9,"*REORDER*")+COUNTIF(J5:J9,"*CRITICAL*") -> 1 | E12: Avg Days of Supply | F12: =ROUND(AVERAGE(F5:F9),1) -> 23.6 | I12: Total Excess Hold Cost | J12: =SUM(I5:I9) -> 206100

Sheet Accuracy_Summary
A1: FORECAST ACCURACY SUMMARY – MODEL COMPARISON
A2: MAPE, MAE comparison across models & products | Target Accuracy: 88%+
A4: Product | B4: 3-Month MA MAPE | C4: 6-Month MA MAPE | D4: Exp Smooth MAPE | E4: Best Model | F4: Forecast Accuracy | G4: Meets Target?
A5: Electronics | B5: =Demand_Forecast!Q11 -> 0 | C5: =Demand_Forecast!Q12 -> 0 | D5: =Demand_Forecast!Q13 -> 0 | E5: =IF(AND(B5<=C5,B5<=D5),"3-Month MA",IF(C5<=D5,"6-Month MA","Exp Smoothing")) -> 3-Month MA | F5: =1-MIN(B5,C5,D5) -> 1 | G5: =IF(F5>=0.88,"✅ Yes","❌ Below Target") -> ✅ Yes
A6: Apparel | B6: =Demand_Forecast!Q18 -> 0 | C6: =Demand_Forecast!Q19 -> 0 | D6: =Demand_Forecast!Q20 -> 0 | E6: =IF(AND(B6<=C6,B6<=D6),"3-Month MA",IF(C6<=D6,"6-Month MA","Exp Smoothing")) -> 3-Month MA | F6: =1-MIN(B6,C6,D6) -> 1 | G6: =IF(F6>=0.88,"✅ Yes","❌ Below Target") -> ✅ Yes
A7: Home & Kitchen | B7: =Demand_Forecast!Q25 -> 0 | C7: =Demand_Forecast!Q26 -> 0 | D7: =Demand_Forecast!Q27 -> 0 | E7: =IF(AND(B7<=C7,B7<=D7),"3-Month MA",IF(C7<=D7,"6-Month MA","Exp Smoothing")) -> 3-Month MA | F7: =1-MIN(B7,C7,D7) -> 1 | G7: =IF(F7>=0.88,"✅ Yes","❌ Below Target") -> ✅ Yes
A8: Sports & Outdoors | B8: =Demand_Forecast!Q32 -> 0 | C8: =Demand_Forecast!Q33 -> 0 | D8: =Demand_Forecast!Q34 -> 0 | E8: =IF(AND(B8<=C8,B8<=D8),"3-Month MA",IF(C8<=D8,"6-Month MA","Exp Smoothing")) -> 3-Month MA | F8: =1-MIN(B8,C8,D8) -> 1 | G8: =IF(F8>=0.88,"✅ Yes","❌ Below Target") -> ✅ Yes
A9: Beauty & Health | B9: =Demand_Forecast!Q39 -> 0 | C9: =Demand_Forecast!Q40 -> 0 | D9: =Demand_Forecast!Q41 -> 0 | E9: =IF(AND(B9<=C9,B9<=D9),"3-Month MA",IF(C9<=D9,"6-Month MA","Exp Smoothing")) -> 3-Month MA | F9: =1-MIN(B9,C9,D9) -> 1 | G9: =IF(F9>=0.88,"✅ Yes","❌ Below Target") -> ✅ Yes
A10: OVERALL AVERAGE | B10: =AVERAGE(B5:B9) -> 0 | C10: =AVERAGE(C5:C9) -> 0 | D10: =AVERAGE(D5:D9) -> 0 | E10: — | F10: =AVERAGE(F5:F9) -> 1 | G10: —

Sheet Guide
A1: MODEL GUIDE, FORMULAS & COLOR LEGEND
A3: COLOR LEGEND
B4: Blue text | C4: Hardcoded inputs — safe to edit for your data
B5: Black text | C5: Calculated formulas — do not edit
B6: Green text | C6: Cross-sheet links pulling from other tabs
B7: Yellow background | C7: Key input cells needing attention
B8: Teal highlight | C8: EOQ output cells
B9: Green highlight | C9: Safety stock output cells
B10: Blue highlight | C10: Reorder point output cells
B11: Amber highlight | C11: Forecast months & excess cost flags
A12: SHEET INDEX
B13: Sales_Data | C13: Raw 12-month unit sales for 5 product categories
B14: Demand_Forecast | C14: MA (3M, 6M) and Exponential Smoothing forecasts + MAPE
B15: Inventory_Optimization | C15: EOQ, Safety Stock, ROP, holding & ordering costs
B16: Stock_Health | C16: Live dashboard with alerts and recommended actions
B17: Accuracy_Summary | C17: Model comparison: MAPE by product and best-fit model
A18: KEY FORMULAS
B19: EOQ | C19: SQRT(2 × Annual Demand × Ordering Cost / Holding Cost per unit)
B20: Safety Stock | C20: Z-score × StdDev(demand) × SQRT(Lead Time / 30 days)
B21: Reorder Point | C21: Daily Demand × Lead Time + Safety Stock
B22: Exp Smoothing | C22: F_t = α × A_{t-1} + (1-α) × F_{t-1} where α = B5 in Forecast sheet
B23: MAPE | C23: F_t = alpha × A_t-1 + (1-alpha) × F_t-1 where alpha = B5 in Forecast sheet
B24: Forecast Accuracy | C24: 1 - MAPE (Target >= 88%)
